{
  "project_info": {
    "project_number": "430212367083",
    "project_id": "meteoconnect-sa",
    "storage_bucket": "meteoconnect-sa.firebasestorage.app"
  },
  "client": [
    {
      "client_info": {
        "mobilesdk_app_id": "1:430212367083:android:82c6027e4ddfe7777034ae",
        "android_client_info": {
          "package_name": "com.example.meteoconnectsa"
        }
      },
      "oauth_client": [],
      "api_key": [
        {
          "current_key": "AIzaSyAQu0ijRwDQAXXpooUNUp8mVExMFSmgNz0"
        }
      ],
      "services": {
        "appinvite_service": {
          "other_platform_oauth_client": []
        }
      }
    }
  ],
  "configuration_version": "1"
}